Timestamp,From Bank,Account,To Bank,Account.1,Amount Received,Receiving Currency,Amount Paid,Payment Currency,Payment Format,Is Laundering
2026/09/20 08:45,002,ACC_1004,999,ACC_1001,3349.9,US Dollar,3349.9,US Dollar,ACH,0
2026/09/20 08:56,100,ACC_1022,001,ACC_1025,4020.2,US Dollar,4020.2,US Dollar,Reinvestment,0
2026/09/20 09:02,250,ACC_1003,002,ACC_1008,1085.34,UK Pound,1085.34,UK Pound,Wire,0
2026/09/20 09:41,002,ACC_1014,999,ACC_1008,2048.98,US Dollar,2048.98,US Dollar,Wire,0
2026/09/20 10:13,001,ACC_1011,100,ACC_1009,741.88,US Dollar,741.88,US Dollar,Wire,0
2026/09/20 10:24,999,ACC_1012,100,ACC_1029,1580.6,US Dollar,1580.6,US Dollar,Wire,0
2026/09/20 11:03,012,ACC_1004,250,ACC_1014,400.66,US Dollar,400.66,US Dollar,Reinvestment,0
2026/09/20 11:20,001,ACC_1023,002,ACC_1003,253.92,US Dollar,253.92,US Dollar,Cheque,0
2026/09/20 11:31,012,ACC_1013,012,ACC_1009,2067.68,US Dollar,2067.68,US Dollar,ACH,0
2026/09/20 11:49,999,ACC_1022,002,ACC_1009,3173.1,US Dollar,3173.1,US Dollar,Reinvestment,0
2026/09/20 12:28,999,ACC_1024,999,ACC_1008,777.14,Euro,777.14,Euro,Cheque,0
2026/09/20 13:08,001,ACC_1008,012,ACC_1023,1493.06,US Dollar,1493.06,US Dollar,ACH,0
2026/09/20 13:38,002,ACC_1009,999,ACC_1003,988.87,UK Pound,988.87,UK Pound,Cheque,0
2026/09/20 14:14,002,ACC_1013,999,ACC_1022,2091.89,US Dollar,2091.89,US Dollar,ACH,0
2026/09/20 14:54,100,ACC_1018,012,ACC_1009,3374.21,Euro,3374.21,Euro,Reinvestment,0
2026/09/20 15:13,002,ACC_1005,999,ACC_1018,2246.15,US Dollar,2246.15,US Dollar,Wire,0
2026/09/20 15:28,100,ACC_1026,250,ACC_1022,1928.61,US Dollar,1928.61,US Dollar,Credit Card,0
2026/09/20 16:02,999,ACC_1017,250,ACC_1009,4371.3,US Dollar,4371.3,US Dollar,Wire,0
2026/09/20 16:24,002,ACC_1025,100,ACC_1021,1563.78,US Dollar,1563.78,US Dollar,Credit Card,0
2026/09/20 16:29,250,ACC_1024,001,ACC_1025,1222.08,UK Pound,1222.08,UK Pound,ACH,0
2026/09/20 17:14,002,ACC_1010,012,ACC_1028,2893.33,UK Pound,2893.33,UK Pound,ACH,0
2026/09/20 17:29,012,ACC_1018,100,ACC_1026,4154.83,US Dollar,4154.83,US Dollar,Reinvestment,0
2026/09/20 17:35,001,ACC_1004,002,ACC_1013,3960.31,US Dollar,3960.31,US Dollar,ACH,0
2026/09/20 18:16,002,ACC_1003,002,ACC_1004,3306.99,US Dollar,3306.99,US Dollar,Reinvestment,0
2026/09/20 18:51,002,ACC_1018,250,ACC_1006,1229.5,UK Pound,1229.5,UK Pound,Credit Card,0
2026/09/20 19:08,250,ACC_1023,100,ACC_1010,1825.52,US Dollar,1825.52,US Dollar,Credit Card,0
2026/09/20 19:20,250,ACC_1008,002,ACC_1009,334.92,US Dollar,334.92,US Dollar,Reinvestment,0
2026/09/20 20:02,001,ACC_1008,001,ACC_1001,365.92,US Dollar,365.92,US Dollar,ACH,0
2026/09/20 20:28,250,ACC_1003,002,ACC_1018,1109.12,Euro,1109.12,Euro,ACH,0
2026/09/20 21:09,002,ACC_1019,001,ACC_1016,1131.34,Euro,1131.34,Euro,Credit Card,0
2026/09/20 21:20,999,ACC_1022,001,ACC_1014,1626.62,Euro,1626.62,Euro,Credit Card,0
2026/09/20 21:31,002,ACC_1002,002,ACC_1014,3290.55,US Dollar,3290.55,US Dollar,ACH,0
2026/09/20 22:10,002,ACC_1015,001,ACC_1005,1927.37,US Dollar,1927.37,US Dollar,Credit Card,0
2026/09/20 22:43,999,ACC_1026,250,ACC_1029,3859.05,US Dollar,3859.05,US Dollar,Wire,0
2026/09/20 22:48,100,ACC_1003,100,ACC_1026,3826.7,US Dollar,3826.7,US Dollar,Credit Card,0
2026/09/20 23:06,001,ACC_1028,100,ACC_1013,4065.87,US Dollar,4065.87,US Dollar,Credit Card,0
2026/09/20 23:27,999,ACC_1026,999,ACC_1027,2074.79,Euro,2074.79,Euro,Reinvestment,0
2026/09/21 00:03,999,ACC_1005,250,ACC_1008,1370.35,US Dollar,1370.35,US Dollar,Reinvestment,0
2026/09/21 00:11,250,ACC_1024,250,ACC_1011,304.39,UK Pound,304.39,UK Pound,Credit Card,0
2026/09/21 00:26,250,ACC_1002,001,ACC_1018,406.5,US Dollar,406.5,US Dollar,Wire,0
2026/09/21 00:46,250,ACC_1013,250,ACC_1004,4240.1,UK Pound,4240.1,UK Pound,ACH,0
2026/09/21 00:53,250,ACC_1020,012,ACC_1003,1915.55,UK Pound,1915.55,UK Pound,Reinvestment,0
2026/09/21 01:14,100,ACC_1007,002,ACC_1023,3237.05,US Dollar,3237.05,US Dollar,Cheque,0
2026/09/21 01:38,100,ACC_1015,250,ACC_1011,4184.13,US Dollar,4184.13,US Dollar,Wire,0
2026/09/21 02:19,002,ACC_1004,012,ACC_1003,2442.47,UK Pound,2442.47,UK Pound,Cheque,0
2026/09/21 02:28,250,ACC_1029,999,ACC_1008,1694.4,US Dollar,1694.4,US Dollar,Credit Card,0
2026/09/21 02:52,012,ACC_1020,999,ACC_1027,2960.19,US Dollar,2960.19,US Dollar,Reinvestment,0
2026/09/21 03:03,002,ACC_1029,012,ACC_1005,1226.87,US Dollar,1226.87,US Dollar,Reinvestment,0
2026/09/21 03:26,250,ACC_1020,100,ACC_1007,3243.37,US Dollar,3243.37,US Dollar,Cheque,0
2026/09/21 03:47,001,ACC_1029,001,ACC_1028,276.06,Euro,276.06,Euro,Cheque,0
2026/09/21 04:13,999,ACC_1025,100,ACC_1005,2885.15,US Dollar,2885.15,US Dollar,ACH,0
2026/09/21 04:53,999,ACC_1023,002,ACC_1014,2546.04,US Dollar,2546.04,US Dollar,Wire,0
2026/09/21 05:32,100,ACC_1002,002,ACC_1028,1693.01,UK Pound,1693.01,UK Pound,ACH,0
2026/09/21 05:39,002,ACC_1010,999,ACC_1013,4050.47,US Dollar,4050.47,US Dollar,Cheque,0
2026/09/21 05:59,250,ACC_1022,999,ACC_1004,1623.87,UK Pound,1623.87,UK Pound,Credit Card,0
2026/09/21 06:13,001,ACC_1008,002,ACC_1029,773.13,US Dollar,773.13,US Dollar,Credit Card,0
2026/09/21 06:39,002,ACC_1026,999,ACC_1014,3619.95,US Dollar,3619.95,US Dollar,Cheque,0
2026/09/21 06:50,002,ACC_1013,100,ACC_1029,222.32,Euro,222.32,Euro,ACH,0
2026/09/21 07:17,001,ACC_1010,999,ACC_1028,3589.29,US Dollar,3589.29,US Dollar,ACH,0
2026/09/21 07:34,012,ACC_1013,999,ACC_1011,1289.78,US Dollar,1289.78,US Dollar,Cheque,0
2026/09/21 08:11,001,ACC_1013,001,ACC_1023,4416.12,UK Pound,4416.12,UK Pound,Cheque,0
2026/09/21 08:32,001,ACC_1006,250,ACC_1020,4333.28,US Dollar,4333.28,US Dollar,Wire,0
2026/09/21 09:04,250,ACC_1012,001,ACC_1025,3549.61,Euro,3549.61,Euro,Reinvestment,0
2026/09/21 09:33,001,ACC_1029,250,ACC_1019,895.85,US Dollar,895.85,US Dollar,Credit Card,0
2026/09/21 10:12,100,ACC_1022,001,ACC_1025,4234.17,US Dollar,4234.17,US Dollar,Cheque,0
2026/09/21 10:38,250,ACC_1020,012,ACC_1011,3002.07,US Dollar,3002.07,US Dollar,Cheque,0
2026/09/21 11:09,002,ACC_1011,100,ACC_1014,3152.58,UK Pound,3152.58,UK Pound,ACH,0
2026/09/21 11:38,012,ACC_1022,100,ACC_1025,4067.48,UK Pound,4067.48,UK Pound,Reinvestment,0
2026/09/21 12:18,250,ACC_1027,250,ACC_1001,1402.24,US Dollar,1402.24,US Dollar,Credit Card,0
2026/09/21 12:43,100,ACC_1015,999,ACC_1016,2017.61,US Dollar,2017.61,US Dollar,Reinvestment,0
2026/09/21 12:58,001,ACC_1022,002,ACC_1003,1312.85,UK Pound,1312.85,UK Pound,Cheque,0
2026/09/21 13:22,002,ACC_1008,100,ACC_1027,936.13,US Dollar,936.13,US Dollar,Wire,0
2026/09/21 14:06,002,ACC_1028,999,ACC_1025,374.09,Euro,374.09,Euro,Reinvestment,0
2026/09/21 14:35,100,ACC_1016,002,ACC_1013,1135.73,US Dollar,1135.73,US Dollar,Wire,0
2026/09/21 14:51,002,ACC_1026,001,ACC_1023,2354.91,US Dollar,2354.91,US Dollar,Reinvestment,0
2026/09/21 15:25,250,ACC_1005,012,ACC_1027,2117.66,UK Pound,2117.66,UK Pound,Reinvestment,0
2026/09/21 15:58,250,ACC_1020,100,ACC_1028,3250.77,UK Pound,3250.77,UK Pound,Credit Card,0
2026/09/21 16:13,999,ACC_1024,012,ACC_1029,2162.3,US Dollar,2162.3,US Dollar,ACH,0
2026/09/21 16:51,999,ACC_1016,012,ACC_1022,1114.64,Euro,1114.64,Euro,Wire,0
2026/09/21 17:11,002,ACC_1009,002,ACC_1012,1472.71,UK Pound,1472.71,UK Pound,Wire,0
2026/09/21 17:30,100,ACC_1013,100,ACC_1024,729.98,US Dollar,729.98,US Dollar,Wire,0
2026/09/21 17:56,100,ACC_1018,250,ACC_1015,1900.2,US Dollar,1900.2,US Dollar,Credit Card,0
2026/09/21 18:02,012,ACC_1028,012,ACC_1025,2611.82,Euro,2611.82,Euro,Wire,0
2026/09/21 18:31,002,ACC_1028,100,ACC_1027,1914.64,UK Pound,1914.64,UK Pound,Reinvestment,0
2026/09/21 18:50,999,ACC_1009,999,ACC_1015,2211.11,Euro,2211.11,Euro,Cheque,0
2026/09/21 19:20,250,ACC_1024,001,ACC_1006,3790.25,US Dollar,3790.25,US Dollar,Reinvestment,0
2026/09/21 19:50,002,ACC_1019,100,ACC_1020,3000.35,US Dollar,3000.35,US Dollar,Credit Card,0
2026/09/21 20:06,012,ACC_1002,012,ACC_1010,1737.01,US Dollar,1737.01,US Dollar,Credit Card,0
2026/09/21 20:35,001,ACC_1009,100,ACC_1026,4282.86,Euro,4282.86,Euro,Cheque,0
2026/09/21 20:41,999,ACC_1024,001,ACC_1018,281.78,US Dollar,281.78,US Dollar,ACH,0
2026/09/21 20:48,250,ACC_1025,002,ACC_1001,4275.77,US Dollar,4275.77,US Dollar,Wire,0
2026/09/21 21:08,100,ACC_1005,999,ACC_1017,3029.09,UK Pound,3029.09,UK Pound,ACH,0
2026/09/21 21:29,002,ACC_1025,012,ACC_1012,796.66,UK Pound,796.66,UK Pound,Wire,0
2026/09/21 21:40,100,ACC_1019,999,ACC_1001,4183.55,UK Pound,4183.55,UK Pound,Credit Card,0
2026/09/21 21:57,999,ACC_1003,012,ACC_1020,3123.23,US Dollar,3123.23,US Dollar,Wire,0
2026/09/21 22:40,012,ACC_1026,250,ACC_1004,3593.21,UK Pound,3593.21,UK Pound,Wire,0
2026/09/21 23:12,100,ACC_1022,100,ACC_1012,356.86,US Dollar,356.86,US Dollar,Wire,0
2026/09/21 23:23,100,ACC_1014,002,ACC_1012,2878.35,Euro,2878.35,Euro,ACH,0
2026/09/22 00:01,100,ACC_1021,100,ACC_1009,2790.81,UK Pound,2790.81,UK Pound,Credit Card,0
2026/09/22 00:43,100,ACC_1009,002,ACC_1012,3840.12,US Dollar,3840.12,US Dollar,Cheque,0
2026/09/22 01:17,100,ACC_1019,012,ACC_1021,3023.44,US Dollar,3023.44,US Dollar,Wire,0
2026/09/22 01:33,012,ACC_1016,250,ACC_1007,1628.97,US Dollar,1628.97,US Dollar,Cheque,0
2026/09/22 01:55,002,ACC_1018,999,ACC_1001,2348.99,US Dollar,2348.99,US Dollar,Wire,0
2026/09/22 02:26,100,ACC_1016,001,ACC_1019,3423.83,Euro,3423.83,Euro,Credit Card,0
2026/09/22 02:36,999,ACC_1010,250,ACC_1008,1849.59,US Dollar,1849.59,US Dollar,Cheque,0
2026/09/22 03:04,012,ACC_1016,012,ACC_1019,2412.6,Euro,2412.6,Euro,Reinvestment,0
2026/09/22 03:38,012,ACC_1009,001,ACC_1011,1168.75,US Dollar,1168.75,US Dollar,ACH,0
2026/09/22 04:17,012,ACC_1025,999,ACC_1023,873.92,US Dollar,873.92,US Dollar,Credit Card,0
2026/09/22 04:59,012,ACC_1025,002,ACC_1017,2705.72,US Dollar,2705.72,US Dollar,ACH,0
2026/09/22 05:27,012,ACC_1006,001,ACC_1011,112.96,UK Pound,112.96,UK Pound,ACH,0
2026/09/22 05:35,001,ACC_1018,001,ACC_1010,3153.51,US Dollar,3153.51,US Dollar,Credit Card,0
2026/09/22 06:16,001,ACC_1010,012,ACC_1017,2180.28,US Dollar,2180.28,US Dollar,ACH,0
2026/09/22 06:51,250,ACC_1004,999,ACC_1028,340.78,Euro,340.78,Euro,Wire,0
2026/09/22 06:59,002,ACC_1005,001,ACC_1006,3659.58,US Dollar,3659.58,US Dollar,Wire,0
2026/09/22 07:39,250,ACC_1025,100,ACC_1014,2748.11,UK Pound,2748.11,UK Pound,ACH,0
2026/09/22 08:12,250,ACC_1015,250,ACC_1010,3877.74,Euro,3877.74,Euro,Cheque,0
2026/09/22 08:20,012,ACC_1020,999,ACC_1025,491.59,US Dollar,491.59,US Dollar,ACH,0
2026/09/22 08:30,001,ACC_1006,100,ACC_1009,823.47,US Dollar,823.47,US Dollar,ACH,0
2026/09/22 09:03,012,ACC_1023,999,ACC_1020,2141.11,US Dollar,2141.11,US Dollar,ACH,0
2026/09/22 09:26,999,ACC_1023,250,ACC_1029,2070.44,US Dollar,2070.44,US Dollar,Cheque,0
2026/09/22 09:43,002,ACC_1014,001,ACC_1004,2473.3,US Dollar,2473.3,US Dollar,Cheque,0
2026/09/22 09:51,100,ACC_1006,001,ACC_1027,1418.87,UK Pound,1418.87,UK Pound,Cheque,0
2026/09/22 10:12,012,ACC_9001,100,ACC_9002,9229.52,US Dollar,9229.52,US Dollar,Wire,1
2026/09/22 10:25,250,ACC_1023,100,ACC_1010,3163.81,US Dollar,3163.81,US Dollar,Reinvestment,0
2026/09/22 10:26,012,ACC_9001,100,ACC_9002,9839.89,US Dollar,9839.89,US Dollar,Wire,1
2026/09/22 10:34,012,ACC_9001,100,ACC_9002,9205.0,US Dollar,9205.0,US Dollar,Wire,1
2026/09/22 10:46,012,ACC_9001,100,ACC_9002,9814.46,US Dollar,9814.46,US Dollar,Wire,1
2026/09/22 10:58,250,ACC_1003,012,ACC_1021,227.38,Euro,227.38,Euro,Cheque,0
2026/09/22 11:04,001,ACC_1003,999,ACC_1009,4330.5,UK Pound,4330.5,UK Pound,Reinvestment,0
2026/09/22 11:06,012,ACC_9001,100,ACC_9002,9289.2,US Dollar,9289.2,US Dollar,Wire,1
2026/09/22 11:18,012,ACC_9001,100,ACC_9002,9388.14,US Dollar,9388.14,US Dollar,Wire,1
2026/09/22 11:26,250,ACC_1019,999,ACC_1002,3445.84,US Dollar,3445.84,US Dollar,Credit Card,0
2026/09/22 11:59,001,ACC_1009,100,ACC_1006,4486.41,Euro,4486.41,Euro,Credit Card,0
2026/09/22 12:26,012,ACC_1014,100,ACC_1011,1478.71,US Dollar,1478.71,US Dollar,ACH,0
2026/09/22 13:02,100,ACC_1010,001,ACC_1023,4256.11,UK Pound,4256.11,UK Pound,Wire,0
2026/09/22 13:27,001,ACC_1009,999,ACC_1012,565.85,Euro,565.85,Euro,Reinvestment,0
2026/09/22 14:06,250,ACC_1015,100,ACC_1014,291.21,UK Pound,291.21,UK Pound,Cheque,0
2026/09/22 14:51,002,ACC_1015,012,ACC_1026,279.67,US Dollar,279.67,US Dollar,Reinvestment,0
2026/09/22 15:24,002,ACC_1029,999,ACC_1023,2206.97,US Dollar,2206.97,US Dollar,Reinvestment,0
2026/09/22 15:39,002,ACC_1010,001,ACC_1019,110.85,Euro,110.85,Euro,Wire,0
2026/09/22 16:13,250,ACC_1004,999,ACC_1022,3753.04,Euro,3753.04,Euro,Cheque,0
2026/09/22 16:35,100,ACC_1014,250,ACC_1028,2197.12,Euro,2197.12,Euro,ACH,0
2026/09/22 16:49,001,ACC_1013,012,ACC_1007,4152.31,UK Pound,4152.31,UK Pound,ACH,0
2026/09/22 17:20,999,ACC_1011,012,ACC_1027,2309.43,US Dollar,2309.43,US Dollar,Cheque,0
2026/09/22 18:02,250,ACC_1019,100,ACC_1023,2228.9,US Dollar,2228.9,US Dollar,Credit Card,0
2026/09/22 18:29,012,ACC_1011,002,ACC_1019,3444.78,Euro,3444.78,Euro,Credit Card,0
2026/09/22 18:49,012,ACC_1019,999,ACC_1013,1089.35,Euro,1089.35,Euro,Wire,0
2026/09/22 19:24,001,ACC_1023,002,ACC_1027,1746.48,US Dollar,1746.48,US Dollar,Credit Card,0
2026/09/22 20:01,250,ACC_1019,100,ACC_1011,3920.17,Euro,3920.17,Euro,Wire,0
2026/09/22 20:06,100,ACC_1024,012,ACC_1005,1874.4,US Dollar,1874.4,US Dollar,Wire,0
2026/09/22 20:32,999,ACC_1020,250,ACC_1024,1818.8,US Dollar,1818.8,US Dollar,Cheque,0
2026/09/22 21:01,001,ACC_1011,250,ACC_1022,3248.29,Euro,3248.29,Euro,Reinvestment,0
2026/09/22 21:10,999,ACC_1008,001,ACC_1022,3095.58,US Dollar,3095.58,US Dollar,ACH,0
2026/09/22 21:42,002,ACC_1004,999,ACC_1026,2870.18,US Dollar,2870.18,US Dollar,Credit Card,0
2026/09/22 22:06,012,ACC_1029,012,ACC_1001,254.66,US Dollar,254.66,US Dollar,Cheque,0
2026/09/22 22:38,002,ACC_1005,002,ACC_1009,2413.69,UK Pound,2413.69,UK Pound,ACH,0
2026/09/22 22:48,250,ACC_1020,002,ACC_1029,1752.32,US Dollar,1752.32,US Dollar,Credit Card,0
2026/09/22 23:07,100,ACC_1015,012,ACC_1022,1180.2,US Dollar,1180.2,US Dollar,Wire,0
2026/09/22 23:46,012,ACC_1006,999,ACC_1003,2015.7,US Dollar,2015.7,US Dollar,Reinvestment,0
2026/09/23 00:18,100,ACC_1023,100,ACC_1009,2082.92,US Dollar,2082.92,US Dollar,ACH,0
2026/09/23 00:29,999,ACC_1008,012,ACC_1014,2595.06,UK Pound,2595.06,UK Pound,Cheque,0
2026/09/23 00:35,999,ACC_1027,999,ACC_1022,1811.34,US Dollar,1811.34,US Dollar,Reinvestment,0
2026/09/23 00:43,250,ACC_1020,012,ACC_1025,2260.44,US Dollar,2260.44,US Dollar,ACH,0
2026/09/23 01:02,999,ACC_1021,999,ACC_1007,2812.97,US Dollar,2812.97,US Dollar,Wire,0
2026/09/23 01:09,999,ACC_1010,002,ACC_1027,2011.66,UK Pound,2011.66,UK Pound,Cheque,0
2026/09/23 01:19,002,ACC_1010,250,ACC_1012,3376.29,US Dollar,3376.29,US Dollar,ACH,0
2026/09/23 01:47,100,ACC_1017,012,ACC_1018,4115.02,US Dollar,4115.02,US Dollar,Cheque,0
2026/09/23 02:13,002,ACC_1026,999,ACC_1004,2134.07,US Dollar,2134.07,US Dollar,ACH,0
2026/09/23 02:43,001,ACC_1028,012,ACC_1026,2530.04,US Dollar,2530.04,US Dollar,Credit Card,0
2026/09/23 03:22,100,ACC_1004,999,ACC_1016,1690.21,US Dollar,1690.21,US Dollar,Reinvestment,0
2026/09/23 03:50,250,ACC_1004,012,ACC_1023,1090.51,US Dollar,1090.51,US Dollar,Reinvestment,0
2026/09/23 04:34,999,ACC_1008,100,ACC_1022,331.32,Euro,331.32,Euro,Cheque,0
2026/09/23 04:46,001,ACC_1005,001,ACC_1002,4260.86,US Dollar,4260.86,US Dollar,Credit Card,0
2026/09/23 05:06,999,ACC_1029,999,ACC_1018,653.71,Euro,653.71,Euro,Cheque,0
2026/09/23 05:45,999,ACC_1014,001,ACC_1020,3353.1,US Dollar,3353.1,US Dollar,Credit Card,0
2026/09/23 06:21,999,ACC_1020,012,ACC_1014,4228.79,US Dollar,4228.79,US Dollar,Wire,0
2026/09/23 06:39,999,ACC_1015,012,ACC_1016,4279.97,US Dollar,4279.97,US Dollar,Wire,0
2026/09/23 07:18,002,ACC_1029,001,ACC_1021,1646.1,Euro,1646.1,Euro,Cheque,0
2026/09/23 07:52,001,ACC_1003,012,ACC_1023,993.87,UK Pound,993.87,UK Pound,Wire,0
2026/09/23 08:12,002,ACC_1005,250,ACC_1027,2562.37,US Dollar,2562.37,US Dollar,Reinvestment,0
2026/09/23 08:30,001,ACC_1027,012,ACC_1029,1086.84,US Dollar,1086.84,US Dollar,Reinvestment,0
2026/09/23 08:44,999,ACC_1005,001,ACC_1019,1165.41,US Dollar,1165.41,US Dollar,Wire,0
2026/09/23 08:57,012,ACC_1001,001,ACC_1013,3565.43,US Dollar,3565.43,US Dollar,Reinvestment,0
2026/09/23 09:13,001,ACC_1009,999,ACC_1002,614.08,Euro,614.08,Euro,Reinvestment,0
2026/09/23 09:22,001,ACC_1016,100,ACC_1015,3512.18,UK Pound,3512.18,UK Pound,Reinvestment,0
2026/09/23 09:59,100,ACC_1008,999,ACC_1021,242.97,UK Pound,242.97,UK Pound,Cheque,0
2026/09/23 10:05,100,ACC_1002,999,ACC_1017,3820.48,Euro,3820.48,Euro,Wire,0
2026/09/23 10:38,002,ACC_1003,012,ACC_1004,1483.4,US Dollar,1483.4,US Dollar,Wire,0
2026/09/23 11:22,250,ACC_1021,250,ACC_1019,2490.19,US Dollar,2490.19,US Dollar,Credit Card,0
2026/09/23 11:45,999,ACC_1015,999,ACC_1018,2744.15,US Dollar,2744.15,US Dollar,Wire,0
2026/09/23 12:25,100,ACC_1024,012,ACC_1029,1006.85,Euro,1006.85,Euro,ACH,0
2026/09/23 12:59,012,ACC_1013,999,ACC_1015,3296.78,US Dollar,3296.78,US Dollar,Credit Card,0
2026/09/23 13:20,001,ACC_1012,001,ACC_1005,3106.35,Euro,3106.35,Euro,Wire,0
2026/09/23 13:30,250,ACC_1014,001,ACC_1004,3363.42,US Dollar,3363.42,US Dollar,ACH,0
2026/09/23 14:12,012,ACC_1018,999,ACC_1019,1516.92,US Dollar,1516.92,US Dollar,Credit Card,0
2026/09/23 14:15,999,ACC_6600,012,ACC_8800,250000.0,US Dollar,250000.0,US Dollar,Wire,1
2026/09/23 14:18,012,ACC_8800,250,ACC_7701,49000.0,US Dollar,49000.0,US Dollar,Wire,1
2026/09/23 14:21,012,ACC_8800,250,ACC_7702,49000.0,US Dollar,49000.0,US Dollar,Wire,1
2026/09/23 14:24,012,ACC_8800,250,ACC_7703,49000.0,US Dollar,49000.0,US Dollar,Wire,1
2026/09/23 14:27,012,ACC_8800,250,ACC_7704,49000.0,US Dollar,49000.0,US Dollar,Wire,1
2026/09/23 14:30,012,ACC_8800,250,ACC_7705,49000.0,US Dollar,49000.0,US Dollar,Wire,1
2026/09/23 14:44,012,ACC_1028,012,ACC_1024,278.94,US Dollar,278.94,US Dollar,Reinvestment,0
2026/09/23 14:55,001,ACC_1019,012,ACC_1017,996.69,Euro,996.69,Euro,ACH,0
2026/09/23 15:35,100,ACC_1012,250,ACC_1004,3443.6,UK Pound,3443.6,UK Pound,ACH,0
2026/09/23 16:19,999,ACC_1020,999,ACC_1023,2910.01,US Dollar,2910.01,US Dollar,Reinvestment,0
2026/09/23 16:41,012,ACC_1001,001,ACC_1007,1266.05,US Dollar,1266.05,US Dollar,Cheque,0
2026/09/23 16:57,002,ACC_1028,999,ACC_1005,2570.13,Euro,2570.13,Euro,Wire,0
2026/09/23 17:42,100,ACC_1001,100,ACC_1004,3370.2,US Dollar,3370.2,US Dollar,Credit Card,0
2026/09/23 18:08,250,ACC_1006,001,ACC_1013,1436.79,US Dollar,1436.79,US Dollar,Reinvestment,0
2026/09/23 18:16,012,ACC_1005,100,ACC_1007,3407.24,US Dollar,3407.24,US Dollar,Wire,0
2026/09/23 18:48,250,ACC_1016,001,ACC_1021,2017.1,US Dollar,2017.1,US Dollar,ACH,0
2026/09/23 19:15,250,ACC_1014,999,ACC_1004,1310.45,UK Pound,1310.45,UK Pound,Credit Card,0
2026/09/24 02:45,012,8000F4580,100,8000F5340,185000.0,US Dollar,185000.0,US Dollar,Wire,1
